tic_id,period_days,duration_days,depth_ppm,snr,bls_power,transit_time
261203535,7.10385711364496,0.01,5317701660.757023,23768.341495258217,282779509.52817994,1327.4329415892676
