tic_id,period_days,period_err,rp_over_rs,rp_over_rs_err,depth_ppm,radius_earth,radius_jupiter,sma_au,teq_kelvin,in_habitable_zone,duration_hours,planet_type,star_radius_sun,star_teff,fap,fit_converged
261136679,6.2675,0.0001,0.9999,0.0001,999810.6,125.3,11.179,0.0687,1081.0,False,7.48,Gas Giant,1.14889,5992.1,0.0,True
261155555,4.6312,0.0001,0.9985,0.0001,996999.8,161.94,14.447,0.0655,1586.7,False,7.52,Gas Giant,1.48687,7552.0,0.0,True
271893367,10.629,0.0002,0.9996,0.0001,999285.0,183.17,16.341,0.0977,1094.4,False,13.04,Gas Giant,1.67987,5982.9,0.0,True
441075486,1.1207,0.0001,0.9984,0.0001,996834.5,107.75,9.613,0.0211,1630.4,False,3.86,Gas Giant,0.989409,5400.0,0.0,True
55525572,7.3733,0.0002,0.9998,0.0001,999633.4,222.86,19.882,0.0754,1337.7,False,14.36,Gas Giant,2.04354,5823.7,0.0,True
