tic_id,period_days,period_err,rp_over_rs,rp_over_rs_err,depth_ppm,radius_earth,radius_jupiter,sma_au,teq_kelvin,in_habitable_zone,duration_hours,planet_type,star_radius_sun,star_teff,fap,fit_converged
149603524,8.8248,0.0001,0.9996,0.0,999295.7,132.4,11.812,0.0907,1031.2,False,8.41,Gas Giant,1.21427,6391.0,0.0,True
261136679,6.2676,0.0001,0.9999,0.0001,999711.0,125.3,11.178,0.0687,1081.0,False,7.48,Gas Giant,1.14889,5992.1,0.0,True
261155555,4.6311,0.0001,0.9985,0.0001,996915.1,161.93,14.447,0.0655,1586.7,False,7.52,Gas Giant,1.48687,7552.0,0.0,True
441075486,1.1207,0.0001,0.9984,0.0001,996754.0,107.75,9.612,0.0211,1630.4,False,3.86,Gas Giant,0.989409,5400.0,0.0,True
55525572,7.3734,0.0002,0.9998,0.0001,999560.3,222.85,19.882,0.0754,1337.7,False,14.36,Gas Giant,2.04354,5823.7,0.0,True
